{
  "random": {
    "accuracy": 0.5234567901234568,
    "f1_score": 0.4697802197802198,
    "roc_auc": 0.5,
    "pr_auc": 0.3814814814814815
  },
  "majority": {
    "accuracy": 0.6185185185185185,
    "f1_score": 0.0,
    "roc_auc": 0.5,
    "pr_auc": 0.6185185185185185
  },
  "pretrained": {
    "accuracy": 0.4419753086419753,
    "f1_score": 0.4083769633507853,
    "roc_auc": 0.42944531648676754,
    "pr_auc": 0.3381392424453791
  },
  "finetuned": {
    "accuracy": 0.6962962962962963,
    "f1_score": 0.4875,
    "roc_auc": 0.7081694216744505,
    "pr_auc": 0.6510738523836188
  }
}