{
  "accuracy": 0.6962962962962963,
  "f1_score": 0.4875,
  "f1_macro": 0.6358552631578948,
  "precision": 0.6842105263157895,
  "recall": 0.3786407766990291,
  "roc_auc": 0.7081694216744505,
  "pr_auc": 0.6510738523836188,
  "confusion_matrix": [
    [
      447,
      54
    ],
    [
      192,
      117
    ]
  ],
  "true_positives": 117,
  "true_negatives": 447,
  "false_positives": 54,
  "false_negatives": 192,
  "sensitivity": 0.3786407766990291,
  "specificity": 0.8922155688622755
}