{
  "train_loss": [
    0.7410238009448105,
    0.6554000936126237,
    0.5849408001186527,
    0.5352485453979341,
    0.4717794146909113
  ],
  "val_loss": [
    0.6550048753327015,
    0.6083339522866642,
    0.6485193476957434,
    0.6877152171789431,
    0.6825636935000327
  ],
  "train_acc": [
    0.5956427688504327,
    0.6611557478368356,
    0.7068912237330037,
    0.7373300370828183,
    0.7753399258343634
  ],
  "val_acc": [
    0.6711990111248455,
    0.6909765142150803,
    0.695920889987639,
    0.7008652657601978,
    0.6761433868974042
  ],
  "learning_rate": [
    2e-05,
    1.9398237467616063e-05,
    1.7665373499540464e-05,
    1.5009962617714425e-05,
    1.1751590177491441e-05
  ],
  "epoch_time": [
    67.29006266593933,
    67.46040344238281,
    66.7742052078247,
    67.24945139884949,
    67.54944610595703
  ]
}